Shopee,E-Commerce
Tokopedia Just Open Tokopedia,E-Commerce
Twitter,Hiburan
Facebook,Hiburan
Number-one online shopping and selling,E-Commerce
It's where your interests connect you with your people,Hiburan
Enjoy the videos and music you love,Hiburan
podcasters and creators of music & audio,Hiburan
posts and share beautiful photos for your favorite artists,Hiburan
e-commerce digital content and advertising and marketing businesses,E-Commerce
Sign up to see photos videos stories,Hiburan
The latest news sports music and entertainment videos,Hiburan
movies & TV shows online or stream,Hiburan
online retailer of skin hair and beauty care products,E-Commerce
new communication app which allows you to make FREE voice calls and send FREE messages,Hiburan
unlimited free calls with Voice calls and video calls are also available,Hiburan
enjoy group chat support voice photo video and text messages,Hiburan
a fun and easy way to connect you with the people you like,Hiburan
Your Online Shopping Mall Enjoy your online shopping experience,E-commerce
retailer of health and beauty products in Asia,E-commerce
largest and fastest growing fashion focused e-commerce site in Southeast Asia,E-Commerce
Shop the latest fashion at POMELO fashion,E-Commerce
